usuario;fecha;texto;rating
sofia452;19/06/2026;  Muy recomendada, la función de backup es justo lo que necesitaba. Me encanta FlowApp, sobre todo la app en tablet, la uso todos los días ??  ;5
sofia843;8/06/2026;Increible experiencia de principio a fin, sin ningún problema;5
gabriel164;26/06/2026;BIEN;4
sofia932;7/07/2026;Excelente la interfaz, funciona perfecto y sin fallas. Excelente los anuncios, funciona perfecto y sin fallas!;5
camila940;26/06/2026;Perfecta, no le cambiaría nada, el soporte al cliente funciona genial ??;5
nicolas254;22/06/2026;  MUY RECOMENDADA, LA INTERFAZ ES JUSTO LO QUE NECESITABA  ;5
juan911;1/07/2026;Muy buena app, aunque el buscador interno podría mejorar un poco! ??;4
renata88;10/07/2026;  Excelente los anuncios, funciona perfecto y sin fallas. Excelente la velocidad de carga, funciona perfecto y sin fallas  ;5
camila230;25/05/2026;Perfecta, no le cambiaria nada, la funcion de backup funciona genial. Simplemente la mejor, las actualizaciones nunca me fallo!;5
luciana472;22/05/2026;Cumple lo que promete, el modo oscuro anda bien la mayoría del tiempo;4
fernanda590;5/06/2026;BASTANTE  CONFORME, EL LOGIN ES SOLIDO AUNQUE NO PERFECTO ??;4
juan226;20/06/2026;Muy buena app, aunque el widget de inicio podría mejorar un poco. Me gusta bastante, la interfaz funciona bien casi siempre ??;4
alejandro506;16/06/2026;  Excelente las notificaciones, funciona perfecto y sin fallas!!!  ;5
gabriel197;3/06/2026;  NO ME CONVENCIO, EL BUSCADOR INTERNO FALLA SEGUIDO  ;2
renata192;22/06/2026;Bastante conforme, la batería es ssólido aunque no perfecto!;4
valeria875;7/05/2026;Muy buena app, , aunque la velocidad de carga podría mejorar un poco ??;4
carolina765;27/06/2026;No me convencio, el modo oscuro falla seguido ??;2
paula312;10/05/2026;Muy buena;4
martin827;5/05/2026;Contento con la app ?? ??;4
camila846;2/06/2026;Bien;4
paula471;9/06/2026;  Excelente LA velocidad de carga, funciona perfecto y sin fallas...  ;
juan808;4/07/2026;Cumple lo que promete, el buscador interno anda bien la mayoría del tiempo?? ??;4
camila179;5/06/2026;Ni fu ni fa, , esperaba más de el widget de inicio;3
andres245;6/05/2026;INCREÍBLE EXPERIENCIA DE PRINCIPIO A FIN, SIN NINGÚN PROBLEMA ??!!!;5
gabriel290;14/05/2026;Perfecta, no le cambiaria naada, la bateria funciona genial ??;5
diego159;8/05/2026;Me encanta FlowApp, sobre todo las notificaciones, la uso todos los días. Simplemente la mejor, la velocidad de carga nunca me falló;5
diego427;3/05/2026;Increíble EXPERIENCIA de principio a fin, sin ningún problema;5
sofia569;29/06/2026;  ME ENCANTA FLOWAPP, SOBRE TODO LAS NOTIFICACIONES, LA USO TODOS LOS DÍAS!  ;5
carolina368;26/05/2026;Recomendada, , aunque esperaba un poco más de el modo oscuro...;4
alejandro538;5/07/2026;;4
valeria229;1/05/2026;Ni fu ni fa!!;3
fernanda144;26/06/2026;Bien ??;4
andres833;16/06/2026;  Es una app promedio, los anuncios funciona a veces y a veces no  ;3
juan994;8/06/2026;Diez de diez, el precio de la suscripcion supero mis expectativas totalmente;5
camila355;23/06/2026;10-oct;5
diego191;9/05/2026;  Pesima experiencia, el soporte al cliente no funciona para nada. No la recomiendo, perdi tiempo y dinero por las alertas push!  ;1
camila953;14/05/2026;;5
alejandro520;1/06/2026;  Buena experiencia en general, solo tuve un problemita con el soporte al cliente ??   ??;4
luciana151;3/05/2026;Buena experiencia en general, solo tuve un problemita con las alertas push!!;4
renata996;13/06/2026;Diez de diez, , las alertas push superó mis expectativas totalmente. Increíble experiencia de principio a fin, , sin ningún problema;5
camila463;26/06/2026;  INCREÍBLE EXPERIENCIA DE PRINCIPIO A FIN, SIN NINGÚN PROBLEMA ??...  ;5
paula153;8/07/2026;Simplemente la mejor, el modo oscuro nunca me fallo. Excelente el precio de la suscripcion, funciona perfecto y sin fallas.;5
camila683;7/05/2026;Cumple lo BÁSICO nada más, , la app en tablet necesita trabajo. Está bien pero la sincronización le falta pulir;-1
mateo553;4/05/2026;  ME ENCANTA FLOWAPP, SOBRE TODO LA FUNCION DE BACKUP, LA USO TODOS LOS DIAS. INCREIBLE EXPERIENCIA DE PRINCIPIO A FIN, SIN NINGUN PROBLEMA!  ;5
mateo874;28/06/2026;Me gusta bastante, las alertas push funciona BIEN cassi siempre;4
sofia782;21/05/2026;;5
diego744;4/06/2026;  MUY BUENA!!  ;4
gabriel563;27/05/2026;  MUY BUENA APP, AUNQUE LA APP EN TABLET PODRÍA MEJORAR UN POCO  ;4
camila157;6/05/2026;La mejor app que probé en mucho tiempo, la velocidad de carga funciona increíble;5
camila541;4/06/2026;  Excelente la batería, funciona perfecto y sin fallas. Excelente el buscador interno, funciona perfecto y sin fallas...  ;5
valeria458;20/05/2026;Simplemente la mejor, el soporte al cliente nunca me falló ??!!!;5
gabriel645;20/06/2026;Ni fu ni fa, esperaba mas de las actualizaciones;3
sofia647;7/07/2026;   BUENA EXPERIENCIA EN GENERAL, SOLO TUVE UN PROBLEMITA CON LAS NOTIFICACIONES!!!   ;4
paula207;10/07/2026;Regular, tiene cosas buenas pero la velocidad de carga me genero dudas.;3
luciana964;8/06/2026;  No me gusto...   ??;
valentina367;16/06/2026;Cumple lo que promete, los anuncios anda bien la mayoría del tiempo;4
andres883;12/05/2026;Tuve varios inconvenientes con las actualizaciones, no fue buena  experiencia;2
renata292;19/06/2026;Increíble experiencia de principio A fin, sin ningún problema!!;5
gabriel994;22/05/2026;  BASTANTE CONFORME, LA BATERÍA ES SÓLIDO AUNQUE NO PERFECTO. CUMPLE LO QUE PROMETE, LAS NOTIFICACIONES ANDA BIEN LA MAYORÍA DEL TIEMPO  ;4
santiago360;29/06/2026;Muy recomendada, , las notificaciones es justo lo que necesitaba;5
paula247;26/05/2026;La mejor app que probé en mucho tiempo, las notificaciones funciona increíble ??????????;5
nicolas19;9/05/2026;  Está bien pero el widget de inicio le falta pulir ??  ;3
valentina913;20/06/2026;;3
diego794;13/05/2026;Excelente la función de backup, funciona perfecto y sin fallas ??;5
diego395;7/06/2026;Diez de diez, la velocidad de carga superó mis expectativas totaalmente!!;5
sofia718;4/05/2026;Recomendada.;4
fernanda565;6/05/2026;  La peor app que probe, la función de backup es un desastre. Terrible, el buscador interno se rompe constantemente.  ;1
sofia402;7/05/2026;;5
diego263;3/07/2026;MUY BUENA APP, AUNQUE LA INTERFAZ PODRIA MEJORAR UN POCO;4
camila53;10/07/2026;Normal ??!!;3
renata278;29/05/2026;  Ni fu ni fa, esperaba más dde las notificaciones!  ;3
santiago749;10/05/2026;  Me encanta FlowApp, sobre todo el login, la uso todos los días. La mejor app que probé en mucho tiempo, las notificaciones funciona increíble ????  ;5
juan122;25/05/2026;  Bien   ??;4
carolina722;15/06/2026;Regular;3
diego832;26/05/2026;  Ni fu ni fa, esperaba más de el soporte al cliente. Cumple lo básico nada más, la funcion de backup necesita trabajo  ;
martin908;11/05/2026;Recomendada, aunque esperaba un poco más de la batería;4
camila36;25/05/2026;Increíble experiencia de principio a fin, sin ningún problema. La mejor app que probé en mucho tiempo, el LOGIN funciona increíble!!;5
valeria229;1/05/2026;Ni fu ni fa!!;3
sofia704;4/07/2026;  Diez de diez, , la sincronización superó mis expectativas totalmente. Diez de diez, , el buscador interno superó mis expectativas totalmente  ;5
emiliano982;18/06/2026;No me convenció, el modo oscuro falla seguido;2
alejandro973;9/05/2026;  PERFECTA, NO LE CAMMBIARÍA NADA, LA INTERFAZ FUNCIONA GENIAL...  ;5
fernanda107;3/07/2026;Excelente el buscador interno, funciiona perfecto y sin fallas;5
sofia76;15/05/2026;Me encanta FlowApp, sobre todo el login, la uso todos los días. Me encanta FlowApp, sobre todo el login, la uso todos los días ??;5
diego396;5/07/2026;Cumple lo que promete, la batería anda bien la mayoría del tiempo. Buena experiencia en general, solo tuve un problemita con la interfaz ??;4
carolina497;1/07/2026;  Me gusta bastante, el buscador interno funciona bien casi siempre.  ;4
carolina451;9/05/2026;Muy buena ??;4
santiago581;20/06/2026;Es una app promedio, la sincronización funciona a veces y a veces no;0
alejandro297;24/05/2026;Excelente la velocidad de carga, funciona perfecto y sin fallas. ??;5
santiago861;27/06/2026;  MUY BUENA APP, AUNQUE LA VELOCIDAD DE CARGA PODRÍA MEJORAR UN POCO. MUY BUENA APP, AUNQUE EL SOPORTE AL CLIENTE PODRÍA MEJORAR UN POCO  ;4
paula771;21/05/2026;Muy buena app, aunque las notificaciones podria mejorar un poco!!;4
santiago177;5/05/2026;Increíble experiencia de principio a fin, sin ningún pproblema ??;5
valentina378;23/06/2026;;3
paula436;9/06/2026;  Increíble experiencia de principio a fin, sin ningún problema. La mejor app que probé en mucho tiempo, las alertas push funciona increíble ????????????  ;5
luciana218;13/05/2026;BIEN;4
sofia358;4/05/2026;;3
sofia874;25/06/2026;Muy recomendada, la interfaz es justo lo que neceesitaba ??...;5
mateo201;1/06/2026;Excelente las alertas push, funciona perfecto y sin fallas ??;5
andres854;3/07/2026;Cumple lo básico nada más, la funcion de backup necesita trabajo ??!!!;3
valeria470;12/06/2026;PERFECTA, no le cambiaría nada, los anuncios funciona genial ??.;
gabriel467;13/06/2026;SIMPLEMENTE LA MEJOR, EL SOPORTE AL CLIENTE NUNCA ME FALLO;5
santiago477;29/05/2026;Muy recomendada, la batería es justo lo que necesitaba!;5
sofia397;11/06/2026;Increíble experieencia de principio a fin, sin ningún problema ??!!;5
emiliano702;4/05/2026;Me encanta FlowApp, sobre todo el login, la uso todos los días. Muy recomendada, los anuncios es justo lo que necesitaba;5
nicolas768;12/05/2026;Perfecta, no le cambiaría nada, la interfaz funciona genial. La mejor app que probé en mucho tiempo, la función de backup funciona increíble;5
juan882;21/06/2026;Buena experiencia en general, solo tuve un problemita con la función de backup ?? ??;4
valeria201;14/05/2026;  Está bien pero las actualizaciones le falta pulir. Regular, tiene cosas buenas pero el widget de inicio me generó dudas ??!  ;3
mateo142;1/06/2026;Diez de diez, , el widget de inicio superó mis expectativas totalmente. Increíble EXPERIENCIA de principio a fin, , sin ningún problema. ??;5
valentina556;4/06/2026;Perfecta, no le cambiaria nada, el logiin funciona genial;5
sofia426;15/06/2026;ESPEERABA MAS!! ??;2
diego623;15/06/2026;Regular, tiene cosas BUENAS pero la app en tablet me generó dudas. Es una app promedio, el login funciona a veces y a veces no;-1
juan741;12/06/2026;  Bastante decepcionante, sobre todo la app en tablet  ;2
luciana747;16/06/2026;  CUMPLE LO BÁSICO NADA MÁS, LAS NOTTIFICACIONES NECESITA TRABAJO ??  ;3
alejandro516;17/06/2026;Me gusta bastante, la función de backup funciona bien casi siempre. Me gusta bastante, el login funciona bien casi siempre ??;4
daniela419;8/07/2026;NO LA RECOMIENDO, PERDÍ TIEMPO Y DINERO POR LAS ACTUALIZACIONES ??;1
gabriel681;29/05/2026;  Bastante decepcionante, sobre todo las actualizaciones!!  ;2
santiago344;2/05/2026;  Muy buena  ;4
daniela336;8/06/2026;Me encanta FlowApp, sobre todo las alertas push, la  uso todos los días;5
juan873;23/05/2026;Regular, tiene cosas buenas pero la app en tablet me generó dudas. Ni fu ni fa, esperaba más de la batería ??!;3
paula806;1/05/2026;  RECOMENDADA  ;4
fernanda425;3/07/2026;Bastante conforme, el login es sólido aunque no perfecto. Cumple lo que promete, el widget de inicio anda bien la mayoría del tiempo!;4
daniela994;16/06/2026;  Bastante decepcionante, sobre todo la interfaz ??  ;2
santiago759;26/05/2026;  Excelente la veloccidad de carga, funciona perfecto y sin fallas  ;5
daniela985;26/06/2026;Bastante decepcionante, sobre todo el login;2
paula737;6/05/2026;Perfecta, no le cambiaría nada, la batería funciona genial. Me encanta FlowApp, sobre todo el soporte al cliente, la uso todos los días;5
santiago466;2/06/2026;No me convenció, el buscador interno falla seguido. Bastante decepcionante, sobre todo la app en tablet ??;2
carolina549;6/05/2026;  Ni fu ni fa, esperaba más de el soporte al cliente. Cumple lo básico nada más, el soporte al cliente necesita trabajo!  ;3
emiliano55;9/07/2026;  Me encanta FlowApp, sobre todo la funcion de backup, la uso toddos los dias  ;5
carolina830;2/07/2026;Recomendada, aunque esperaba un POCO mas de los anuncios;4
camila690;23/05/2026;Podria mejorar;3
fernanda361;13/05/2026;  No ME gusto  ;2
sofia505;9/07/2026;Muy recomendada, , LA interfaz es justo lo que necesitaba!!!;5
juan385;5/05/2026;Excelente las actualizaciones, , funciona perfecto y sin fallas. La mejor app que probe en mucho tiempo, , el modo oscuro funciona increíble;5
gabriel120;12/05/2026;Bastante conforme, , el buscador interno es sólido aunque no perfecto ??;4
fernanda771;7/07/2026;;5
diego194;13/05/2026;Me encanta;5
mateo234;31/05/2026;  Regular??  ;3
camila111;2/05/2026;Perfecta;5
camila719;28/05/2026;Muy buena app, aunque los anuncios podría mejorar un poco;4
fernanda339;9/05/2026;  Excelente la batería, funciona perfecto y sin fallas. Me ENCANTA FlowApp, sobre todo el modo oscuro, la uso todos los días  ;5
fernanda888;17/06/2026;Es una app promedio, la app en tablet funciona a veces y a veces no;6
alejandro940;9/05/2026;Tuve varios inconvenientes con el precio de la suscripción, no fue buena experiencia. Bastante decepcionante, sobre todo la bateria ??;2
juan436;2/06/2026;La amo??;5
renata815;2/06/2026;;2
fernanda907;10/05/2026;Muy buena app, , aunque la batería podría mejorar un poco! ??;4
valentina658;1/07/2026;Perfecta, no le cambiaría nada, el widget de inicio funciona genial!!;5
alejandro432;6/05/2026;NO ME CONVENCIÓ, EL MODO OSCURO FALLA SEGUIDO!!! ??;2
diego518;2/06/2026;La mejor app que probé en mucho tiempo, , la batería funciona increíble!!;5
emiliano408;13/05/2026;  LA PEOR APP QUE PROBÉ, EL LOGIN ES UN DESASTRE. MUY MALA, LAS ACTUALIZACIONES DIRECTAMENTE NO SIRVE.  ;1
valentina567;25/05/2026;La mejor app que probe en mucho tiempo, los anuncios funciona increíble. Perfecta, no le cambiaría nada, el widget de inicio funciona genial!;5
emiliano5;19/05/2026;Ni fu ni fa, esperaba más de el modo oscuro??;3
paula711;23/06/2026;Decepcionante total, las notificaciones arruina TODA la experiencia;1
camila954;31/05/2026;  Excelente!!  ;5
paula247;26/05/2026;La mejor app que probé en mucho tiempo, las notificaciones funciona increíble ??????????;5
carolina482;10/06/2026;  Bastante conforme, la velocidad de carga es sólido aunque no perfecto   ??;4
fernanda687;2/06/2026;Esperaba más, , el widget de inicio deja mucho que desear. Tuve varios inconvenientes con la batería, , no fue buena experiencia;2
gabriel438;10/06/2026;  Recomendada, aunque esperaba un poco más de la función de backup. Me gusta bastante, la interfaz funciona bien casi siempre ??!  ;4
camila56;24/06/2026;PERFECTA, NO LE CAMBIARIA NADA, EL PRECIO DE LA SUSCRIPCION FUNCIONA GENIAL.;5
fernanda132;6/06/2026;Recomendada, aunque esperaba un poco más de la velocidad de carga!!!;4
andres314;9/07/2026;No la recomiendo, peerdí tiempo y dinero por las actualizaciones. Muy mala, la sincronización directamente no sirve ??;1
renata857;23/05/2026;  Recomendada, aunque esperaba un poco más de la batería. Buena experiencia en general, solo tuve un problemita con la app en tablet!!  ;4
daniela345;22/06/2026;  Muy mala, , la interfaz directamente no sirve  ;1
fernanda144;26/06/2026;Bien ??;4
luciana261;3/06/2026;  No la recomendaría del todo, el widget de inicio tiene muchos problemas!  ;2
gabriel496;9/05/2026;Perfecta, , no le cambiaría nada, , los anuncios funciona genial ??;5
emiliano50;17/06/2026;  Cumple lo que promete, , las alertas push anda bien la mayoría del tiempo!!!  ;4
emiliano521;27/06/2026;Contento con la app;4
mateo799;7/06/2026;  Muy recomendada, la funcion de backup es justo lo que necesitaba. Muy recomendada, el soporte al cliente es justo lo que necesitaba   ??;5
gabriel850;6/07/2026;  Recomendada, aunque esperaba un poco más de la interfaz. Buena experiencia en general, solo tuve un problemita con el login  ;4
santiago749;10/05/2026;  Me encanta FlowApp, sobre todo el login, la uso todos los días. La mejor app que probé en mucho tiempo, las notificaciones funciona increíble ????  ;5
nicolas298;9/07/2026;Recomendada, aunque esperaba un poco más de la función de backup;4
luciana712;13/05/2026;;2
andres916;11/06/2026;Perfecta, , no le cambiaría nada, , las alertas push funciona genial ??;5
sofia779;17/06/2026;  Me gusta bastante, la función de backup funciona bien casi siempre  ;4
santiago7;5/07/2026;Me gusta bastante, la funcion de backup funciona bien casi siempre ?????????? ??;4
mateo247;9/07/2026;  Muy recomendada, el login es justo lo que necesitaba  ;5
luciana594;1/07/2026;Muy buena app, , aunque la interfaz podria mejorar un poco;4
renata976;19/05/2026;La mejor app que probé en mucho tiempo, el precio de la suscripción funciona increíble;5
paula563;5/06/2026;Regular, , TIENE cosas buenas pero las actualizaciones me generó dudas!!;3
renata970;23/06/2026;La mejor app que probé en mucho tiempo, la interfaz funciona increíble. Muy recomendada, el precio de la suscripción es justo lo que necesitaba;5
carolina717;3/06/2026;Es una app promedio, , la interfaz funciona a veces y a veces NO??;3
renata823;4/05/2026;TUVE VARIOS INCONVENIENTES CON LAS ACTUALIZACIONES, NO FUE BUENA EXPERIENCIA ??!!!;2
paula291;15/05/2026;  Muy buena app, aunque la app en tablet podría mejorar un poco   ??;4
daniela507;24/06/2026;Terrible, la velocidad de carga SE rompe constantemente.;1
paula868;7/05/2026;ME gusta bastante, la función de backup funciona bien casi siempre. Recomendada, aunque esperaba un poco más de el login...;4
valentina185;16/06/2026;Muy buena app, aunque el login podría mejorar un poco ??;4
sofia362;22/06/2026;Muy recomendada, los anuncios es justo lo que necesitaba;5
paula112;3/06/2026;Increible experienciaa de principio a fin, sin ningun problema;5
paula516;3/07/2026;Bastante conforme, , los anuncios es sólido aunque no perfecto. Buena experiencia en general, , solo tuve un problemita con el modo oscuro ??.;4
fernanda639;7/06/2026;Muy buena APP, aunquue la batería podría mejorar un poco!!;4
renata977;19/06/2026;No la recomendaría del todo, las alertas push tiene muchos problemas. No la recomendaría del todo, el precio de la suscripción tiene muchos problemas ??!!!;2
martin685;27/05/2026;Simplemente la mejor,  el precio de la suscripción nunca me falló ??;5
renata635;5/05/2026;Muy buena app, aunque las actualizaciones podría mejorar un poco. Recomendada, aunque esperraba un poco más de la app en tablet;4
santiago587;29/05/2026;Bastante conforme, la función de backup es sólido aunque no perfecto!;4
martin177;8/05/2026;Diez de diez, , las alertas push supero mis expectativas totalmente;5
carolina152;13/05/2026;Tuve varios inconvenientes con la app en tablet, no fue buena experiencia. No la recomendaría del todo, la velocidad de carga tiene muchos problemas;2
gabriel79;6/05/2026;Me gusta bastante, el soporte al cliente funciona bien casi siempre. ??;4
valentina267;11/05/2026;  Esta bien pero el modo oscuro le falta pulir   ??;3
mateo882;28/06/2026;Es una app promedio, el login funciona a veces y a vecces no ??;3
nicolas735;20/06/2026;Ni fu ni fa, esperaba más de la batería. Está bien pero las notificaciones le falta pulir;3
fernanda340;1/05/2026;Bastante conforme, las alertas push es solido aunque no perfecto...;4
diego559;5/07/2026;  Está bien pero LAS notificaciones le falta pulir  ;3
carolina992;19/05/2026;  RECOMENDADA, AUNQUE ESPERABA UN POCO MÁS DE LA VELOCIDAD DE CARGA??   ??;4
martin180;2/05/2026;Me encanta FlowApp, SOBRE todo la app en tablet, la uso todos los días!;5
carolina958;3/07/2026;Increíble experiencia de principio a fin, sin ningún problema. Increíble experiencia de princiipio a fin, sin ningún problema;5
fernanda478;8/05/2026;Me gusta bastante, , la interfaz funciona bien casi siempre;4
camila278;7/06/2026;Es una app  promedio, las actualizaciones funciona a veces y a veces no;3
alejandro408;8/06/2026;  Cumple lo que promete, la función de backup anda bien la mayoría del tiempo  ;4
valeria963;16/06/2026;Me encanta FlowApp, sobre todo el precio de la suscripción, la uso todos los días!!!;5
paula178;5/06/2026;Terrible, la velocidad de carga se rompe constantemente ??;1
gabriel94;10/06/2026;Ni fu ni fa, , esperaba más de el soporte al cliente;3
alejandro218;11/06/2026;  Pésima experiencia, el widget de INICIO no funciona para nada  ;1
renata728;6/05/2026;Diez de diez, los anuncios superó mis expectativas totalmente ????;5
valentina196;8/06/2026;Muy recomendada, la interfaz es justo lo que necesitaba ????;5
valeria652;10/07/2026;Muy recomendada, la velocidad de carga es justo lo que necesitaba;5
martin170;2/07/2026;  Buena experiencia en general, solo tuve un problemita con la función de backup??  ;4
luciana983;27/05/2026;Cumple lo que promete, , el soporte aal cliente anda bien la mayoría del tiempo;4
andres119;12/05/2026;  Muy buena app, aunque la velocidad de carga podría mejorar un poco. Bastante conforme, la función de backup es sólido aunque no perfecto  ;4
alejandro363;5/07/2026;  La peor app que probé, el buscador interno es un desastre   ??;1
diego506;1/05/2026;  Recomendada??  ;4
juan730;7/06/2026;Recomendada, , aunque esperaba un poco MÁS de las actualizaciones!!;4
martin410;2/06/2026;  Muy buena app, , aunque el login podría mejorrar un poco  ;4
fernanda145;5/06/2026;  La mejor app que probé en mucho tiempo, la app en tablet funciona increíble   ??;5
santiago48;18/05/2026;Terrible, , la batería se rompe constantemmente ??;1
sofia198;10/06/2026;Bien ??;4
daniela319;6/07/2026;  Bastante  conforme, el modo oscuro es sólido aunque no perfecto. Buena experiencia en general, solo tuve un problemita con la interfaz  ;4
santiago349;13/06/2026;Me encanta FlowApp, , sobre todo las alertas push, , la uso todos los dias. Diez de diez, , las actualizaciones superó mis expectativas totalmente;5
valentina672;7/06/2026;Esta bien pero los anuncios le falta pulir ?? ??;3
nicolas147;2/06/2026;SIMPLEMENTE LA MEJOR, LA INTERFAZ NUNCA ME FALLÓ ??;5
mateo471;16/06/2026;  Tuve varios inconvenientes con el precio de la suscripcion, no fue buena experiencia ??  ;2
renata740;3/07/2026;Muy buena app, aunque la interfaz podria mejorar un poco ??!!;4
camila578;9/06/2026;Muy buena app, aunque el buscador interno podría mejorar un poco;4
camila745;8/05/2026;Me gusta bastante, la interfaz funciona bien casi siempre ??;4
valeria631;4/07/2026;Ni fu ni fa, esperaba mas de las notificaciones. Regular, tiene cosas buenas pero el precio de la suscripcion me genero dudas;3
diego721;17/05/2026;   SIMPLEMENTE LA MEJOR, LA APP EN TABLET NUNCA ME FALLÓ!!!   ;5
diego39;6/06/2026;Decepcionante total, el login arruina toda la experiencia;1
gabriel745;5/05/2026;No la recomiendo, perdí tiempo y dinero por el modo oscuro;1
nicolas690;9/05/2026;10-oct;5
santiago967;28/06/2026;Regular...;3
daniela147;20/06/2026;MUY RECOMENDADA, EL LOGIN ES JUSTO LO QUE NECESITABA!;5
martin697;1/06/2026;;3
santiago482;26/05/2026;REGULAR, TIENE COSAS BUENAS PERO EL LOGIN ME GGENERÓ DUDAS;3
andres76;30/06/2026;Bien. ??;4
sofia405;7/05/2026;MUY BUENA??;4
gabriel866;9/06/2026;Decepcionante total, la batería arruina toda la experiencia ??;
juan292;4/07/2026;Excelente!! ??????????!! ??;5
fernanda846;31/05/2026;Muy buena app, aunque la batería podría mejorar un poco;4
luciana771;9/07/2026;Excelente el buscador interno, funciona perfectto y sin fallas ??;5
luciana68;5/06/2026;BASTANTE CONFORME, LA BATERÍA ES SÓLIDO AUNQUE NO PERFECTO. RECOMENDADA, AUNQUE ESPERABA UN POCO MÁS DE LAS NOTIFICACIONES;4
andres483;28/06/2026;  Muy recomendada, el buscador interno es justo lo que necesitaba. Simplemente la mejor, el modo oscuro nunca me falló ??  ;5
carolina271;14/05/2026;Recomendada, aunque esperaba un poco más de las alertas push. Cumple lo que promete, el modo oscuro anda bien la mayoría del tiempo ?? ??;4
andres642;4/06/2026;  Pesima experiencia, el soporte al cliente no funciona para nada. Muy mala, el soporte al cliente directamentte no sirve!!  ;1
alejandro371;3/07/2026;  Me gusta bastante, la función de backup funciona bien casi siempre. Cumple lo que promete, la velocidad de carga anda bien la mayoria del tiempo!!!  ;4
valentina821;9/06/2026;  Es una app promedio, , la app en tablet funciona a veces y a veces no. Cumple lo básico nada más, , la velocidad de carga necesita trabajo!!  ;3
valentina519;17/06/2026;Simplemente la mejor, la app en tablet nunca me falló;5
carolina678;28/06/2026;Buena experiencia en general, solo tuve un problemita con el buscador interno. Muy buena app, aunque la velocidad de carga podría mejorar un poco ??;4
paula64;25/05/2026;No mee gusto!!!;2
paula374;29/05/2026;  Perfecta, no le cambiaria nada, el widget de inicio funciona genial  ;5
carolina172;7/07/2026;Perfecta, no le cambiaría nada, LAS alertas push funciona genial;5
mateo26;19/06/2026;Muy mala, el widget de inicio directamente no sirve;1
luciana946;4/05/2026;  NO LA RECOMIENDO, PERDÍ TIEMPO Y DINERO POR EL LOGIN  ;1
juan352;23/06/2026;Muy recomendada, el precio de la suscripción es JUSTO lo que necesitaba;5
carolina358;1/05/2026;Bien;4
sofia896;18/06/2026;Es una app promedio, , las actualizaciones funciona a veces y a veces no. Cumple lo básico nada más, , el widget de inicio necesita trabajo ??;3
camila103;18/05/2026;Cumple lo basico nada mas, el modo oscuro necesita trabajo??;3
camila353;25/05/2026;BASTANTE DECEPCIONANTE, , SOBRE TODO LAS NOTIFICACIONES. BASTANTE DECEPCIONANTE, , SOBRE TODO EL WIDGET DE INICIO...;2
valeria552;4/06/2026;MUY BUUENA APP, AUNQUE EL LOGIN PODRÍA MEJORAR UN POCO ??;4
fernanda75;7/06/2026;Excelente las alertas push, funciona perfecto y sin fallas;5
andres116;29/06/2026;Recomendada ??;4
camila282;8/07/2026;Increíble experiencia de principio a fin, sin ningún problema ????;5
renata416;26/06/2026;ME GUSTA BASTANTE, LAS NOTIFICACIONES FUNCIONA BIEN CASI SIEMPRE. BASTANTE CONFORME, LA BATERÍA ES SÓLIDO AUNQUE NO PERFECTO ??;4
andres569;4/07/2026;;5
mateo216;23/06/2026;Ni fu ni fa, esperaba más de las actualizaciones. Ni fu ni fa, esperaba más de la función de BACKUP;7
sofia628;25/05/2026;Es una app promedio, el login funciona a veces y a veces no. Cumple lo básico nada más, la app en tablet necesita trabajo?? ??;3
sofia645;15/06/2026;3.5;3
martin261;2/07/2026;Ni fu ni fa, esperaba más de el busccador interno ??;3
carolina889;16/05/2026;Cumple lo que promete, la batería anda bien la mayoría del tiempo. Buena eexperiencia en general, solo tuve un problemita con el modo oscuro;4
valeria112;29/05/2026;  Recomendada, aunque esperaba un poco más de la interfaz??  ;4
luciana141;12/06/2026;La mejor app que probé en mucho tiempo, , el modo oscuro funciona increible. Excelente la funcion de backup, , funciona perfecto y sin fallas ??;5
nicolas254;9/06/2026;PERFECTA;5
valentina475;6/05/2026;  Decepcionante total, la sincronización arruina toda la experiencia  ;1
paula986;20/05/2026;Bastante decepcionante, sobre TODO la batería ??;2
nicolas89;16/06/2026;  Me gusta bastante, la interfaz funciona bien casi siempre.   ??;4
nicolas830;8/07/2026;  Bien!!   ??;4
valentina305;3/07/2026;Tuve varios inconvenientess con el buscador interno, , NO fue buena experiencia;
gabriel806;14/05/2026;Buena experiencia en general, solo tuve un problemita con laa batería;4
alejandro523;13/06/2026;PERFECTA, NO LE CAMBIARÍA NADA, LA INTERFAZ FUNCIONA GENIAL;5
santiago408;6/07/2026;Increiible experiencia de principio a fin, sin ningun problema ??;5
paula500;19/06/2026;Diez de diez, la función de backup superó mis expectativas TOTALMENTE!;5
valentina407;27/06/2026;Me encanta;5
luciana89;20/06/2026;Bastante conforme, la sincronización es sólido aunque no PERFECTO ??! ??;4
mateo890;16/06/2026;  Muy buena ??   ??;4
daniela423;24/05/2026;MUY BUENA;4
gabriel391;19/06/2026;12345;2
sofia661;16/05/2026;CUMPLE lo que promete, las actualizaciones anda bien la mayoría del tiempo ??. ??;4
fernanda469;2/07/2026;Diez de diez, las alertas push superó mis expectativas totalmente;5
renata184;1/05/2026;La amo;5
sofia856;4/07/2026;Cumple lo que promete, la app en tablet anda bien la mayoria del tiempo ?????????? ??;?
martin652;9/05/2026;La peor app que probe, las notificaciones es un  desastre;1
gabriel668;17/06/2026;La peor app que probe, las alertas push es un desastre ??...;1
emiliano119;18/05/2026;Excelente el modo osscuro, funciona perfecto y sin fallas;5
paula649;5/05/2026;Cumple lo que PROMETE, la velocidad de carga anda bien la mayoria del tiempo. Bastante conforme, las alertas push es solido aunque no perfecto;4
santiago97;26/05/2026;  Excelente el widget de inicio, , funciona perfecto y sin fallas. Diez de diez, , la interfaz supero mis expectativas totalmente  ;5
juan771;4/07/2026;Bastante conforme, los anuncios es sólido aunque no perfecto. Muy BUENA app, aunque la batería podría mejorar un poco ?? ??;4
valentina109;9/05/2026;Recomendada, aunque esperaba un poco más de las alertas push. Bastante conforme, la interfaz es sólido aunque no perfecto;4
luciana97;16/06/2026;Diez de diez, la velocidad de carga SUPERÓ mis expectativas totalmente;5
santiago119;2/07/2026;Me gusta bastante, la interfaz funciona bien casi siempre;4
luciana672;12/05/2026;Muy buena app, aunque el login podria mejorar un poco. Muy buena app, aunque la sincronización podria mejorar un poco ??;4
juan251;20/05/2026;;3
daniela982;31/05/2026;Diez de diez, el modo oscuro superó mis expectativas totalmente. Muy recomendada, la velocidad de carga es justo lo que necesitaba ??;5
martin695;22/06/2026;No me convenció, la velocidad de carga falla seguido. Esperaba más, la batería deja mucho que desear...;2
alejandro432;6/05/2026;NO ME CONVENCIÓ, EL MODO OSCURO FALLA SEGUIDO!!! ??;2
alejandro750;21/06/2026;No ME gusto;2
mateo780;11/06/2026;Excelente el soporte al cliente, , funciona perfecto y sin fallas. Diez de diez, , la velocidad de carga superó MIS expectativas totalmente ??????????;5
renata996;13/06/2026;Diez de diez, , las alertas push superó mis expectativas totalmente. Increíble experiencia de principio a fin, , sin ningún problema;5
juan227;20/05/2026;  Perfecta, no le cambiaria nada, la app en tablet FUNCIONA genial!!  ;5
gabriel271;15/06/2026;Cumple lo que promete, ,  el modo oscuro anda bien la mayoría del tiempo;4
daniela386;24/05/2026;Me gusta bastante, las notificaciones funciona bien casi siempre. Bastante conforme, los anuncios es sólido aunque no perfecto ??;4
emiliano589;7/07/2026;Es una app promedio, el login funcciona a veces y a veces no ?? ??;3
sofia748;11/05/2026;SIMPLEEMENTE LA MEJOR, EL WIDGET DE INICIO NUNCA ME FALLÓ??;5
gabriel138;1/07/2026;Está bien pero los anuncios le falta pulir. Ni fu ni fa, esperaba más de el soporte al cliente... ??;3
valeria517;11/06/2026;Muy recomendada, los anuncios es justo lo que necesitaba. Increíble experiencia de principio a fin, sin ningún problema??;5
martin44;3/07/2026;  Muy recomendada, la batería es justo lo que necesitaba ??...  ;5
alejandro525;3/05/2026;Buena experiencia en general, solo tuvee un problemita con el modo oscuro!;4
andres322;20/06/2026;  Simplemente la mejor, las actualizaciones nunca me falló!!!  ;5
andres230;14/06/2026;Tuve varios inconvenientes con el buscador interno, no fue buena experiencia ??;2
santiago725;20/05/2026;NO ME CONVENCIÓ, LOS ANUNCIOS FALLA SEGUIDO;2
valeria442;21/05/2026;  Perfecta!!!  ;5
santiago248;10/05/2026;ESPERABA MAS ??;2
mateo337;1/05/2026;Increible experiencia de principio a fin, sin ningun problema ??;5
diego827;1/05/2026;Ni fu ni fa, esperaba más de las actualizaciones ????;3
camila572;30/06/2026;  Meh ??  ;2
santiago961;15/05/2026;  No la recomiendo, perdi tiempo y dinero por las notificaciones. No lla recomiendo, perdi tiempo y dinero por la velocidad de carga...  ;1
martin93;5/07/2026;  ME GUSTA BASTANTE,, EL SOPORTE AL CLIENTE FUNCIONA BIEN CASI SIEMPRE  ;4
diego411;18/05/2026;ES UNA APP PROMEDIO, , LA FUNCIÓN DE BACKUP FUNCIONA A VECES Y A VECES NO!!;3
paula150;1/05/2026;  Está bien pero la interfaz le falta pulir. Ni fu ni fa, esperaba más de la app en tablet  ;3
emiliano473;28/05/2026;La mejor app que probé en mucho tiempo, la sincronización funciona INCREÍBLE ??!!!;5
sofia259;10/07/2026;La mejor app que probe en mucho tiempo, las notificaciones funciona increible ??;5
martin489;20/06/2026;   ME GUSTA BASTANTE, EL BUSCADOR INTERNO FUNCIONA BIEN CASI SIEMPRE!!!   ;4
diego948;17/06/2026;  Está bien pero el modoo oscuro le falta pulir  ;3
mateo606;17/05/2026;Simplemente la mejor, el widget de inicio nunca me falló ??;5
fernanda978;12/05/2026;  ME ENCANTA FLOWAPP, , SOBRE TODO LAS NOTIFICACIONES, , LA USO TODOS LOS DÍAS ??  ;5
alejandro517;27/05/2026;Regular, tiene cosas buenas pero los anuncios me generó dudas ??;3
andres317;27/05/2026;Esperaba más, la sincronizacion deja mucho que desear ??!;2
juan527;23/06/2026;  Está bien pero el widget de inicio le falta pulir. Es una app promedio, el precio de la suscripcion funciona a veces y a veces no  ;3
sofia545;6/07/2026;Muy recomendada, los anuncios es justo lo que necesitaba. La mejor app que probé en mucho tiempo, la app en tablet funciona increíble ??;5
valentina818;21/06/2026;Muy buena app, aunque la app en tablet podria mejorar un poco ?????????? ??;4
carolina808;25/06/2026;Regular, tiene cosas buenas pero la funcion de backup me genero dudas ??.;3
mateo575;27/05/2026;  Muy recomendada, la app en tablet es justo lo que necesitaba. Simplemente la mejor, el soporte al cliente nunca me falló  ;5
renata610;6/07/2026;  ES UNA APP PROMEDIO, , LAS NOTIFICACIONES FUNCIONA A VECES Y A VECESS NO   ??;3
juan394;12/06/2026;Regular, , tiene cosas buenas pero la app en tablet me generó dudas;7
renata800;17/06/2026;  Diez de diez, el busscador interno superó mis expectativas totalmente  ;5
andres8;13/06/2026;Increible experiencia de principio a fin, sin ningun problema. Excelente la velocidad de carga, funciona perfecto y sin fallas;5
valeria144;29/05/2026;Excelente los anuncios, , funciona perfecto y sin fallas;5
alejandro686;2/06/2026;CUMPLE LO QUE PROMETE, EL SOPORTE AL CLIENTE ANDA BIEN LA MAYORIA DEL TIEMPO. MUY BUENA APP, AUNQUE LAS NOTIFICACIONES PODRIA MEJORAR UN POCO ??;4
andres778;6/07/2026;Recomendada... ??;4
emiliano856;10/07/2026;ESPERABA MÁS, EL SOPORTE AL CLIENTE DEJA MUCHO QUE DESEAR ??;2
emiliano726;6/07/2026;SIMPLEMENTE LA MEJOR, , EL WIDGET DE INICIO NUNCA ME FALLÓ;5
sofia748;11/05/2026;SIMPLEEMENTE LA MEJOR, EL WIDGET DE INICIO NUNCA ME FALLÓ??;5
renata255;21/06/2026;La mejor app que probe en mucho tiempo, el precio de la suscripcion funciona increible. Muy recomendada, la interfaz es justo lo que necesitaba!!;5
renata516;31/05/2026;  Bastante conforme, el precio DE laa suscripción es sólido aunque no perfecto. Buena experiencia en general, solo tuve un problemita con las notificaciones ??!!  ;
paula570;3/07/2026;  Bien!!!  ;4
juan458;3/07/2026;  Muy buena app, aunque las alertas push podría mejorar un poco. Buena experiencia en general, solo tuve un problemita con la velocidad de carga ??   ??;4
paula868;7/05/2026;ME gusta bastante, la función de backup funciona bien casi siempre. Recomendada, aunque esperaba un poco más de el login...;4
daniela850;30/06/2026;  Me gusta bastante,  las notificaciones funciona bien casi siempre  ;4
santiago105;27/05/2026;NI FU NI FA, , ESPERABA MÁS DE ELL MODO OSCURO;3
carolina520;24/06/2026;EXCELENTE LA SINCRONIZACIÓN, FUNCIONA PERFECTO Y SIN FALLAS ??;5
fernanda174;30/05/2026;Contento con la app ??;4
santiago205;6/07/2026;Bastante conforme, el login es sólido aunque no perfecto??;4
nicolas556;16/06/2026;Esta bien pero las notificaciones le faltaa pulir??;3
juan885;12/05/2026;Tuve varios inconvenientes con las notificaciones, no fue buena experiencia. Esperaba más, la interfaz deja mucho que desear;2
diego396;5/07/2026;Cumple lo que promete, la batería anda bien la mayoría del tiempo. Buena experiencia en general, solo tuve un problemita con la interfaz ??;4
camila258;3/05/2026;Perfecta, no le cambiaría nada, la interfaz funciona genial. Diez de diez, el modo oscuro superó mis expectativas totalmente.;5
renata291;1/05/2026;Muy recomendada, la app en tablet es justo lo que necesitaba. Excelente la velocidad de carga, funciona perfecto y sin fallas.;5
gabriel763;27/05/2026;Genial app;5
santiago781;21/05/2026;Muy buena...;4
paula323;3/07/2026;  Muy buena app, aunque llas alertas push podría mejorar un poco ??  ;4
nicolas901;4/06/2026;  Simplemente la mejor, las alertas push nunca me FALLÓ  ;5
sofia427;14/06/2026;Muy buena app, aunque el modo oscuro podría mejorar un poco. BUENA experiencia en general, solo tuve un problemita con el buscador interno ??...;4
alejandro478;1/07/2026;No me convenció, los anuncios falla seguido. Bastante DECEPCIONANTE, sobre todo las actualizaciones;2
juan948;1/06/2026;Me gusta bastante, el widget de inicio funciona bien casi siempre. Cummple lo que promete, el widget DE inicio anda bien la mayoría del tiempo ??;4
carolina547;19/05/2026;Tuve varios inconvenientes con los anuncios, no fue buena experiencia;2
nicolas199;14/06/2026;Perfecta!!;5
alejandro212;6/05/2026;TERRIBLE APP;1
juan510;6/07/2026;Excelente!!??;5
camila109;14/06/2026;INCREÍBLE EXPERIENCIA DE PRINCIPIO A FIN, SIN NINGÚN PROBLEMA. DIEZ DE DIEZ, LAS ACTUALIZACIONES SUPERÓ MIS EXPECTATIVAS TOTALMENTE ???????????? ??;5
mateo420;20/05/2026;Perfecta, no le cambiaría nada, la batería funciona genial!!!;5
mateo667;21/05/2026;Ni fu ni fa, esperaba más DE la velocidad de carga;3
carolina408;1/07/2026;Excelente la interfaz, funciona perfecto y sin fallas;5
valentina144;1/07/2026;Me encanta FlowApp, , sobre todo la batería, , la uso todos los días;5
valeria897;9/06/2026;EXCELENTE!!;5
santiago686;15/05/2026;La mejor app que probe en mucho tiempo, , el soporte al cliente funciona increíble;5
martin677;2/06/2026;Muy buena app, aunque la app en tablet podría mejorar un poco...;4
martin134;13/05/2026;  Excelente la app en tablet, funciona perfecto y sin fallas   ??;5
renata499;9/05/2026;Perfecta, no le cambiaría nada, la batería funciona genial ?? ??;5
paula544;9/05/2026;DIEZ DE DIEZ, LA VELOCIDAD DE CARGA SUPERÓ MIS EXPECTATIVAS TOTALMENTE. LA MEJOR APP QUE PROBÉ EN MUCHO TIEMPO, EL PRECIO DE LA SUSCRIPCIÓN FUNCIONA INCREÍBLE;5
gabriel481;30/06/2026;  Excelente EL login, , funciona perfecto y sin fallas   ??;5
daniela809;10/06/2026;;2
emiliano122;2/05/2026;;3
renata688;15/05/2026;Buena experiencia en general, solo tuve un problemita con la app en tablet. Me gusta bbastante, las alertas push funciona bien casi siempre;4
camila350;20/05/2026;Es una app promedio, la sincronización funciona a veces y a VECES no. Cumple lo básico nada más, los anuncios necesita trabajo;3
andres464;6/06/2026;Excelente!!.;5
gabriel282;6/07/2026;No la recomiendo, perdí tiempo y dinero poor el buscador interno. No LA recomiendo, perdí tiempo y dinero por el buscador interno;1
andres140;5/06/2026;  Recomendada   ??;4
sofia5;18/05/2026;Está bien pero el login le falta pulir. Es una app promedio, , las ACTUALIZACIONES funciona a veces y a veces no;3
valeria367;1/06/2026;Increible experiencia de principio a fin, sin ningun problema;5
alejandro94;20/06/2026;Muy recomendada, las alertas push es justo lo que necesitaba ??????????;5
diego551;3/05/2026;Cumple lo básico nada más, , la función de backup necesita trabajo;3
fernanda259;3/05/2026;Me gusta bastante, , la sincronización funciona bien casi siempre ??;4
renata189;8/07/2026;Muy buena;4
fernanda752;3/07/2026;Muy buena app, aunque las notificaciones podria mejorar un poco. Muy buena app, aunque el buscador interno podria mejorar un poco ??;4
alejandro811;16/05/2026;  Increíble experiencia de principio a fin, , sin ningún problema. La mejor app que probé en mucho tiempo, , las notificaciones funciona increíble  ;5
renata903;1/05/2026;Excelente la app en tablet, funciona perfecto Y sin fallas. Muy recomendada, la app en tablet es justo lo que necesitaba;5
paula860;19/05/2026;Terrible, EL precio de la suscripcion se rompe constantemente. La peor app que probé, la velocidad de carga es un desastre??;1
carolina473;16/05/2026;;5
juan588;6/07/2026;NI fu ni fa, esperaba más de la interfaz ??;6
renata505;7/05/2026;;4
juan255;25/05/2026;La mejor app que probé en mucho tiempo, el widget de inicio funciona increíble;5
nicolas768;29/06/2026;Recomendada, aunque esperaba un poco más DE los anuncios ??...;4
gabriel729;19/06/2026;Recomendada...;4
santiago436;6/07/2026;TERRIBLE, LAS NOTIFICACIONESS SE ROMPE CONSTANTEMENTE ??!!!;1
fernanda439;1/05/2026;Perfecta ??;5
diego432;11/05/2026;Simplemente la mejor, LOS anuncios nunca me falló;5
martin912;30/05/2026;LA PEOR APP QUE PROBE, EL WIDGET DE INICIO ES UN DESASTRE!!!;1
valeria255;24/05/2026;  BASTANTE DECEPCIONANTE, SOBRE TODO LAS NOTIFICACIONES. BASTANTE DECEPCIONANTE, SOBRE TODO EL LOGIN  ;2
valeria397;27/05/2026;  Diez de diez, la sincronizacion supero mis expectativas totalmente ??  ;5
valentina412;4/05/2026;  Está bien pero la función de backup le falta pulir ??   ??;3
santiago506;16/06/2026;  DECEPCIONANTE TOTAL, LA SINCRONIZACIÓN ARRUINA TODA LA EXPERIENCIA. PÉSIMA EXPERIENCIA, LAS ALERTAS PUSH NO FUNCIONA PARA NADA   ??;1
mateo568;3/07/2026;Cumple lo que promete, el modo oscuro anda bien la mayoria del tiempo. Muy buena app, aunque la funcion de backup podria mejorar un poco;4
camila614;16/06/2026;  Excelente la app en tablet, funciona perfecto y sin fallas. Diez de diez, la bateria supero mis expectativas totalmente  ;5
daniela298;1/07/2026;Excelente las notificaciones, funciona perfecto y sin fallas. Increible experiencia de principio a fin, sin ningún problema;5
valentina922;9/06/2026;Bastante conforme, las alertas push es sólido aunque no perfecto. Cumple lo que promete, la FUNCIÓN de backup anda bien la mayoría del tiempo ??;4
santiago751;18/06/2026;Increíble experiencia de principio a fin, sin ningún problema ??;5
luciana612;4/05/2026;TUVE VARIOS INCONVENIENTES CON EL LOGIN, , NO FUE BUENA EXPERIENCIA. ESPERABA MÁS, , LAS ALERTAS PUSH DEJA MUCHO QUUE DESEAR!! ??;2
alejandro789;22/06/2026;La mejor app que probé en mucho tiempo, las alertas push funciona increíble. Me encanta FlowApp, sobre todo el login, la uso todos los días;5
camila85;23/05/2026;Diez de diez, el precio de la suscripción superó mis expecttativas totalmente;5
luciana886;14/05/2026;ES UNA APP PROMEDIO, LA INTERFAZ FUNCIONA A VECES Y A VECES NO!;3
juan605;18/05/2026;;4
emiliano786;6/05/2026;Bastante conforme, el soporte al cliente es sólido aunque no perfecto. Me gusta bastante, el modo oscuro funciona bien casi siempre! ??;4
emiliano535;9/07/2026;12345;3
valentina123;30/06/2026;  Me encanta FlowApp, sobre todo el login, la uso todos los días??  ;5
daniela455;5/05/2026;La peor app que probé, la batería es un desastre ??!!! ??;1
nicolas211;5/07/2026;Cumple lo básico nada más, la app en tablet necesita trabajo?? ??;3
juan791;3/05/2026;Regular ??;3
juan771;4/07/2026;Bastante conforme, los anuncios es sólido aunque no perfecto. Muy BUENA app, aunque la batería podría mejorar un poco ?? ??;4
fernanda401;19/05/2026;BUENA EXPERIENCIA EN GENERAL, SOLO TUVE UN PROBLEMITA CON LA VELOCIDAD DE CARGA ??;4
emiliano552;25/06/2026;Cumple lo que promete, , la app en tablet anda bien la mayoría del tiempo;4
juan606;29/06/2026;Me encanta FlowApp, , sobre todo el login, , la uso todos los días. Excelente las alertas push, , funciona perfecto yy sin fallas;5
fernanda962;1/05/2026;Increíble experiencia de principio a fin, sin ningún problema ??;5
nicolas493;26/05/2026;  Me encanta FlowApp, , sobre todo la función de backup, , la uso todos los días. Diez de diez, , la velocidad de carga superó mis expectativas totalmente  ;5
gabriel859;26/06/2026;Tuve varios inconvenientes con la función de backup, no fue buena experiencia;2
valeria553;21/06/2026;Recomendada, aunque esperaba un poco mas de la app en tablet;N/A
nicolas942;18/06/2026;Bien;cinco
valentina901;19/06/2026;Recommendada ??;4
emiliano189;8/07/2026;Me gusta bastante, la app en tablet funciona bien casi siempre!;4
valentina767;4/07/2026;Pésima experiencia, la SINCRONIZACIÓN no funciona para nada??;1
daniela819;5/05/2026;  RECOMENDADA ??  ;4
emiliano525;23/05/2026;  Meh  ;2
alejandro709;30/06/2026;LA MEJOR APP QUE PROBÉ EN MUCHO TIEMPO, LAS ALERTAS PUSH FUNCIONA INCREÍBLE ??;5
diego186;7/05/2026;  Increíbble experiencia de principio a fin, sin ningun problema. Me encanta FlowApp, sobre todo el login, la uso todos los días...   ??;5
valentina151;17/06/2026;  Recomendada, auunque esperaba un poco más de la función de backup??  ;4
mateo695;12/05/2026;Terrible, el soporte al cliente se rompe constantemente...;1
daniela817;25/06/2026;Ni fu ni fa, esperaba mas de el login...;3
mateo116;6/07/2026;La amo ??. ??;5
daniela588;3/07/2026;  Me encanta FlowApp, sobre todo la interfaz, la uso todos los días??   ??;5
sofia871;14/05/2026;  Buena experiencia en general, solo tuve un problemita con el buscador interno. Buena experiencia en general, solo tuve un problemita con el login!  ;4
alejandro992;2/07/2026;Buenísima ??;5
renata120;29/06/2026;Recomendada. ??;cinco
valeria841;6/07/2026;  Contento con la app  ;4
renata218;13/05/2026;Recomendada, aunque esperaba un poco mas de el modo oscuro!!;4
daniela900;13/06/2026;ME GUSTA BASTANTE, , LA INTERFAZ FUNCIONA BIEN CASI SIEMPRE!;4
diego34;12/05/2026;  ME GUSTA BASTANTE, EL PRECIO DE LA SUSCRIPCIÓN FUNCIONA BIEN CASI SIEMPRE. BUENA EXPERIENCIA EN GENERAL, SOLO TUVE UN PROBLEMITA CON LOS ANUNCIOS ??...  ;4
camila81;10/05/2026;Perfecta;5
carolina565;13/06/2026;PODRIA MEJORAR;3
alejandro484;18/06/2026;Perfecta, no le cambiaría nada, las alertas push funciona genial. Simplemente la mejor, la velocidad de carga nunca me falló!!;5
gabriel486;9/07/2026;   LA MEJOR APP QUE PROBÉ EN MUCHO TIEMPO, EL PRECIO DE LA SUSCRIPCIÓN FUNCIONA INCREÍBLE!!!   ;5
diego896;4/06/2026;  Buena experiencia en general, solo tuve un problemita con la app en tablet ??  ;4
diego982;2/07/2026;Esta bien pero el soporte al cliente le falta pulir;3
daniela309;17/05/2026;  Excelente las alertas push, funciona perfecto y ssin fallas  ;5
alejandro478;1/07/2026;No me convenció, los anuncios falla seguido. Bastante DECEPCIONANTE, sobre todo las actualizaciones;2
valentina758;7/06/2026;Perfecta??;5
emiliano463;30/06/2026;Esperaba mas ??;2
juan108;28/06/2026;  BIEN ??   ??;4
valeria514;24/06/2026;BUENA EXPERIENCIA EN GENERAL, SOLO TUVE UN PROBLEMITA CON LAS NOTIFICACIONES. BASTANTE CONFORME, EL LOGIN ES SOLIDO AUNQUE NO PERFECTO ??...;4
valeria730;9/05/2026;  Cumple lo que promete, las actualizaciones annda BIEN la mayoría del tiempo   ??;4
daniela439;5/07/2026;  TERRIBLE, LAS ALERTAS PUSH SE ROMPE CONSTANTEMENTE ??  ;1
valentina978;5/06/2026;Cumple lo que promete, la batería anda bien la mayoría del tiempo;4
fernanda593;19/05/2026;Bastante conforme, , las notificaciones es sólido aunque no perfecto...;4
renata797;26/05/2026;Bastante conforme, el soporte al cliente es sólido aunque no perfecto ???????????? ??;4
juan36;4/06/2026;Muy recomendada, las notificaciones es justo lo que necesitaba!!! ??;5
mateo338;14/05/2026;Simplemente la mejor, el login nunca me fallo ??;5
luciana392;13/05/2026;Recomendada;4
valentina713;3/06/2026;Es una app promedio, la función de backup funciona a veces y A veces no;3
paula825;29/06/2026;NI FU NI FA, ESPERABA MAS DE LA VELOCIDAD DE CCARGA ??;3
emiliano327;23/05/2026;Recomendada;4
daniela291;23/06/2026;  Me gusta bastante, , la velocidad DE carga funciona bien casi siempre  ;cinco
mateo78;22/05/2026;NO LA RECOMENDARIA DEL TODO, EL WIDGET DE INICIO TIENE MUCHOS PROBLEMAS;2
renata403;30/05/2026;La mejor app que probé enn mucho tiempo, la función de backup funciona increíble ??;5
diego718;23/06/2026;Diez de diez, el precio de la suscripción superó mis expectativas totalmente;5
juan393;2/06/2026;Diez de diez, las notificaciones supero mis expectativas totalmente. Excelente las actualizaciones, funciona perfecto y sin fallas!!;5
martin779;24/05/2026;Me gusta bastante, el buscador interno funciona bien casi siempre;4
gabriel497;18/06/2026;ESPERABA más, , la velocidad de carga deja mucho que desear;2
mateo344;8/07/2026;Buena experiencia en general, solo tuve un problemita con el buscador interno;4
valeria926;28/05/2026;  Cumple lo que promete, el login anda bien la mayoría del tiempo!  ;4
daniela694;8/06/2026;Simplemente la mejor, la batería nunca me falló;5
camila884;30/05/2026;Pésima experiencia, las actualizaciones no funciona para nada;1
renata57;26/05/2026;  Regular, tiene cosas buenas peero las notificaciones me generó dudas  ;3
diego271;16/05/2026;  Está bien pero  los anuncios le falta pulir   ??;3
gabriel951;20/05/2026;  Recomendada, aunque esperaba un poco más de las alertas push  ;4
santiago49;16/05/2026;Muy buena app, aunque los anuncios podría mejorar un poco ??;?
luciana121;19/06/2026;Muy recomendada, la app en tablet es justo lo que necesitaba ??.;5
diego774;29/06/2026;;4
sofia215;3/07/2026;  ESPERABA más, , el modo oscuro deja mucho que desear!  ;2
camila732;3/06/2026;La mejor app que probe en mucho tiempo, el precio de la suscripcion funciona increible ??;5
renata536;31/05/2026;La mejor app que probe en mucho ttiempo, la funcion de backup funciona increible.;5
valeria357;13/05/2026;No me gusto!!;2
luciana109;5/07/2026;Recomendada, aunque esperaba un poco más de el login. Muy buena app, aunque la sincronización podría mejorar un poco!;4
daniela869;11/06/2026;;5
valentina935;3/05/2026;Excelente los anuncios, funciona perfecto y sin fallas;5
alejandro159;13/06/2026;  Cumple lo que promeete, la bateria anda bien la mayoria del tiempo   ??;4
valeria459;4/07/2026;  Perfecta   ??;5
luciana917;5/05/2026;  ME GUSTA BASTANTE, , EL LOGIN FUNCIONA BIEN CASI SIEMPRE. CUMPLE LO QUE PROMETE, , LA INTERFAZ ANDA BIEN LA MAYORÍA DEL TIEMPO  ;4
daniela846;28/05/2026;Recomendada;4
mateo642;5/07/2026;Contento con la app!!!;4
emiliano407;10/06/2026;Muy recomendada, las notificaciones es justo lo que necesitaba;5
diego766;1/07/2026;BUENA EXPERIENCIA EN GENERAL, SOLO TUVE UN PROBLEMITA CON LAS NOTIFICACIONES;4
fernanda254;18/05/2026;Regular, tiene cosas buenas pero las notificaciones me generó dudas. Es una app promedio, el widget de inicio funciona a veces y a veces no??;3
sofia980;4/06/2026;Regular, tiene cosas buenas pero la bateria me genero dudas. Está bien pero el login le falta pulir;3
valeria86;10/05/2026;PERFECTA, NO LE CAMBIARÍA NADA, EL WIDGET DE INICIO FUNCIONA GENIAL...;5
daniela793;24/06/2026;La mejor app que probe en mucho tiempo, , la función de backup funciona INCREIBLE;5
martin794;5/07/2026;Está bien pero la interfaz le falta pulir. Ni fu ni fa, , esperaba más de la batería ??;3
juan348;8/06/2026;Cumple lo que promete, la batería anda bien la mayoría del tiempo;4
paula692;6/05/2026;Simplemente la mejor, el soporte al cliente nunca me falló ??.;5
renata968;4/06/2026;Increíble experiencia de principio a fin, sin ningún problema. Increíble experiencia de principio a fin, sin ningún problema;5
camila145;27/05/2026;Tuve varios inconvenientes con la función de backup, no fue buena experiencia...;2
nicolas21;2/07/2026;Me gusta bastante, , el soporte al cliente funciona bienn casi siempre ??;4
juan778;5/06/2026;;4
emiliano822;28/05/2026;Me ENCANTA FlowApp, sobre todo los anuncios, la uso todos los días;5
martin159;20/05/2026;  Ni fu ni fa, , esperaba más de la función de backup. Ni fu ni fa, , esperaba más de el soporte al CLIENTE...  ;3
emiliano656;2/07/2026;  PERFECTA, NO LE CAMBIARÍA NADA, LAS ALERTAS PUSH FUNCIONA GENIAL. INCREÍBLE EXPERIENCIA DE PRINCIPIO A FIN, SIN NINGÚN PROBLEMA ??  ;5
santiago401;5/05/2026;  Es una app promedio, la velocidad de carga funciona a veces y a veces no. Cumple lo básico nada más, la sincronización necesita trabajo ??!!!  ;3
gabriel883;14/06/2026;  Increíble experiencia de principio a fin, sin ningún problema. Muy recomendada, las notificaciones es justo lo que necesitaba  ;5
carolina216;30/05/2026;Me encanta ??.;5
diego928;22/06/2026;Esta bien pero el soporte al cliente le faltta pulir!!;3
mateo446;30/05/2026;Me gusta bastante, el modo oscuro funciona bien casi siempre;4
fernanda347;1/06/2026;Esperaba mmas?? ??;2
daniela773;28/06/2026;Bastante conforme, la función de backup es sólido aunque no perfecto;4
valentina266;10/06/2026;;3
nicolas985;12/06/2026;  DECEPCIONANTE TOTAL, , EL MODO OSCURO ARRUINA TODA LA EXPERIENCIA. NO LA RECOMIENDO, , PERDI TIEMPO Y DINERO POR EL SOPORTE AL CLIENTE  ;1
valeria416;31/05/2026;Cumple lo básico nada más, el buscador interno necesita trabajo. Es una app promedio, la sincronización funciona a veces y a veces no ??;3
luciana691;12/05/2026;;3
santiago678;20/06/2026;No la USO mas ??... ??;1
juan809;10/05/2026;Bien ??;4
santiago530;23/05/2026;ME GUSTA BASTANTE, EL SOPORTE AL CLIENTE FUNCIONA BIEN CASI SIEMPRE;4
martin431;10/05/2026;Simplemente la mejor, el modo oscuro nunca ME falló;5
sofia543;14/05/2026;Increíble experiencia de principio a fin, sin ningún problema;5
paula591;8/05/2026;LA MEJOR APP QUE PROBE EN MUCHO TIEMPO, LAS ALERTAS PUSH FUNCIONA INCREÍBLE ??;5
carolina924;6/05/2026;   RECOMENDADA, AUNQUE ESPERABA UN POCO MÁS DE LA BATERÍA!!!   ;4
nicolas144;1/05/2026;BIEN;4
gabriel701;11/05/2026;Muy buena app, aunque el precio de la suscripción podria mejorar un poco;
nicolas921;6/07/2026;Diez de diez, la app en tablet superó mis expectativas totalmente. Muy recomendada, el buscador interno es justo lo que necesitaba ??????????;5
nicolas966;25/05/2026;RECOMENDADA, AUNQUE ESPERABA UN POCO MÁS DE EL SOPORTE AL CLIENTE. MUY BUENA APP, AUNQUE LA APP EN TABLET PODRÍA MEJORAR UN POCO;4
renata731;7/06/2026;;4
santiago857;31/05/2026;SIMPLEMENTE LA MEJOR, EL WIDGET DE INICIO NUNCA ME FALLO ??;5
valeria397;27/05/2026;  Diez de diez, la sincronizacion supero mis expectativas totalmente ??  ;5
carolina887;25/06/2026;No la recomendaria del todo, el modo oscuro tiene muchos problemas;2
carolina981;7/07/2026;Es una app promedio, el buscador interno funciona a veces y a veces no??;3
santiago477;29/05/2026;Muy recomendada, la batería es justo lo que necesitaba!;5
fernanda222;13/05/2026;No la recomendaria del todo, el widget de inicio tiene muchos problemas. Tuve varios inconvenientes con las alertas push, no fue buena experiencia!! ??;2
luciana376;9/05/2026;  Recomendada, aunque esperaba un poco más de el precio de la suscripción. Muy buena app, aunque la interfaz podría mejorar un poco  ;4
diego916;29/06/2026;  Meh??  ;2
gabriel637;28/05/2026;Excelente!! ??;5
daniela447;14/05/2026;Buena experiencia en general, solo tuve un problemita con las notificaciones;4
luciana510;27/05/2026;Diez de diez, las alertas push superó mis expectativas totalmente ??;5
luciana284;5/07/2026;La mejor app que probé en mucho tiempo, , la función de backup funciona increíble. La mejor app que probé en mucho tiempo, , el widget de inicio funciona increíble.;5
valentina759;14/05/2026;Perfecta, no le cambiaría nada, el buscador interno funciona genial;5
luciana846;18/06/2026;La mejor app que probé en mucho tiempo, la interfaz funciona inccreíble;5
emiliano413;21/06/2026;  Me gusta bastante, el buscador interno funciona bien casi siempre  ;4
martin276;10/06/2026;Perfectaa, , no LE cambiaria nada, , los anuncios funciona genial;5
santiago482;26/05/2026;REGULAR, TIENE COSAS BUENAS PERO EL LOGIN ME GGENERÓ DUDAS;3
luciana234;17/05/2026;BASTANTE  CONFORME, EL WIDGET DE INICIO ES SÓLIDO AUNQUE NO PERFECTO ??;4
luciana751;15/05/2026;  Me encanta FlowApp, , sobre todo el modo oscuro, , la uso todos los días. Simplemente la mejor, , las notificaciones nunca me falló   ??;5
paula901;7/05/2026;;5
nicolas761;2/07/2026;Regular ??;
emiliano130;21/06/2026;No la recomendaría del todo, EL widget de inicio tiene muchos problemas;2
mateo894;24/06/2026;;3
juan5;14/06/2026;Simplemente la mejor, el precio de la suscripción nunca me falló!! ??;5
alejandro560;20/06/2026;Muy recomendada, , el soporte al cliente es justo lo que necesitaba ??;5
sofia155;29/05/2026;  Diez de diez, la batería superó mis expectativas totalmente  ;5
sofia699;25/06/2026;Genial app ??;5
mateo170;18/05/2026;   BASTANTE CONFORME, LA FUNCIÓN DE BACKUP ES SÓLIDO AUNQUE NO PERFECTO!!!   ;4
sofia182;29/05/2026;  Me gusta bastante, , la función de backup funciona bien casi siempre...  ;4
luciana767;6/05/2026;La amo!! ??;5
fernanda523;3/05/2026;Me gusta bastante, el login funciona bien casi siempre ??.;4
valeria420;9/05/2026;Perfecta, no le cambiaria nada, la bateria funciona genial...;5
camila743;3/06/2026;No me convenció, la interfaz falla seguido ??;2
valeria280;12/05/2026;  Muy BUENA app, aunque la sincronizacion podria mejorar un poco  ;4
renata179;13/05/2026;Está bien pero eel precio de la suscripción le falta pulir;3
